https://en.wikipedia.org/wiki/Journal_of_Infrared%2C_Millimeter%2C_and_Terahertz_Waves,true
https://www.bbc.co.uk/bitesize/guides/z9bw6yc/revision/4,true
https://www.geeksforgeeks.org/atmospheric-refraction/,false
https://www.cyberphysics.co.uk/topics/light/Snells_Law.htm,true
https://www.bbc.co.uk/bitesize/guides/ztr7b82/revision/3,true
https://www.kenhub.com/en/library/anatomy/female-reproductive-organs,false
http://chemguide.co.uk/organicprops/aniline/makediazo.html,true
https://iu.pressbooks.pub/openstaxcollegephysics/chapter/the-law-of-refraction/,true
https://www.onlinemathlearning.com/polymers.html,true
https://www.thoughtco.com/reproductive-system-373583,false
https://phys.org/news/2021-06-biodegradable-polymers-hype.html,true
https://phys.org/news/2019-07-on-demand-terahertz-infrared.html,true
https://www.thehenryford.org/explore/blog/bakelite-the-material-of-a-thousand-uses,true
https://selfstudypoint.in/refraction-of-light/,true
https://www.verywellhealth.com/the-female-reproductive-system-2616552,false
https://www.open.edu/openlearn/science-maths-technology/science/chemistry/introduction-polymers/content-section-2.7,true
https://www.scienceabc.com/pure-sciences/why-are-infrared-waves-associated-with-heat.html,true
https://chem.libretexts.org/Bookshelves/Organic_Chemistry/Supplemental_Modules_(Organic_Chemistry)/Phenylamine_and_Diazonium_Compounds/Making_Diazonium_Salts,true
https://chem.libretexts.org/Courses/University_of_California_Davis/UCD_Chem_124A%3A_Fundamentals_of_Inorganic_Chemistry/07%3A_Solids/7.02%3A_Solids/7.2.08%3A_Polymers,true
https://selfstudypoint.in/biodegradable-polymers/,true
https://chem.libretexts.org/Bookshelves/Organic_Chemistry/Map%3A_Organic_Chemistry_(Smith)/Chapter_25%3A_Amines/25.14%3A_Substitution_Reactions_of_Aryl_Diazonium_Salts,true
https://selfstudypoint.in/diazonium-salts/,true
https://selfstudypoint.in/diazonium-salts/,true
https://selfstudypoint.in/amines/,true
https://www.britannica.com/print/article/619659,true
https://selfstudypoint.in/diazonium-salts/,true
https://www.britannica.com/science/human-reproductive-system/The-female-reproductive-system,true
https://www.britannica.com/science/diazonium-salt,true
https://www.britannica.com/science/diazonium-salt,true
https://www.encyclopedia.com/science-and-technology/chemistry/chemistry-general/emulsion,false
https://www.britannica.com/science/urea-formaldehyde-resin,true
https://www.bbc.co.uk/bitesize/guides/zg6hhyc/revision/2,true
https://www.bbc.co.uk/bitesize/guides/zg6hhyc/revision/2,true
https://en.wikipedia.org/wiki/Colloid,true
https://www.encyclopedia.com/science-and-technology/chemistry/chemistry-general/emulsion,false
https://en.wikipedia.org/wiki/Supercritical_adsorption,true
https://en.wikipedia.org/wiki/Industrial_catalysts,true
https://www.cliffsnotes.com/study-guides/biology/biochemistry-i/enzymes/enzymes-are-catalysts,true
https://www.sciencedaily.com/releases/2014/10/141030102850.htm,false
https://en.wikipedia.org/wiki/Reaction_rate,true
https://www.bbc.co.uk/bitesize/guides/z8k2y4j/revision/3,true
https://en.wikipedia.org/wiki/Activation_energy,true
https://www.encyclopedia.com/science/news-wires-white-papers-and-books/catalysis-and-catalysts,false
http://chemguide.co.uk/physical/catalysis/inorganic.html,true
https://en.wikipedia.org/wiki/Arrhenius_equation,true
https://en.wikipedia.org/wiki/Wax_emulsion,true
https://mini-ielts.com/207/view-solution/reading/bakelite---the-birth-of-modem-plastics,true
https://www.britannica.com/science/diazonium-salt,true
http://chemguide.co.uk/physical/basicrates/catalyst.html,true
http://chemguide.co.uk/physical/basicrates/arrhenius.html,true
https://en.wikipedia.org/wiki/Elementary_reaction,true
https://www.hse.gov.uk/pesticides/resources/I/Information_required_on_the_EAC_Nomenclature(1).pdf,true
https://www.encyclopedia.com/science/encyclopedias-almanacs-transcripts-and-maps/activated-complex,false
https://www.javatpoint.com/purification-of-colloids,true
https://www.kidzsearch.com/kidztube/the-doppler-effect-christmas-lectures-with-rv-jones_6c9bc107f.html,true
https://www.britannica.com/print/article/6565,true
https://www.bbc.co.uk/bitesize/guides/zj62rj6/revision/1,true
http://chemguide.co.uk/physical/basicrates/concentration.html,true
https://revisionworld.com/gcse-revision/chemistry/reactions/rates-reactions-catalysts,false
https://secondaryscience4all.wordpress.com/2014/08/13/emulsions/,true
https://www.thoughtco.com/arrhenius-equation-4138629,false
https://en.wikipedia.org/wiki/Zinc,true
https://www.britannica.com/print/article/36095,true
https://www.britannica.com/science/emulsion-chemistry,true
https://www.britannica.com/science/adsorption-isotherm,true
https://secondaryscience4all.wordpress.com/2014/08/13/emulsions/,true
https://www.gktoday.in/topic/infrared-waves/,true
https://chem.libretexts.org/Bookshelves/Organic_Chemistry/Map%3A_Organic_Chemistry_(Bruice)/21%3A_More_About_Amines_(Heterocylic_Compounds)/21.01%3A_More_about_Amine_Nomenclature,true
https://chem.libretexts.org/Bookshelves/Organic_Chemistry/Supplemental_Modules_(Organic_Chemistry)/Phenylamine_and_Diazonium_Compounds/Making_Diazonium_Salts,true
https://www.javatpoint.com/colloidal-solutions,true
https://www.s-cool.co.uk/a-level/chemistry/reaction-kinetics/revise-it/effect-of-concentration-on-rate,false
https://chem.libretexts.org/Bookshelves/Organic_Chemistry/Map%3A_Organic_Chemistry_(Bruice)/29%3A_Synthetic_Polymers/29.09%3A_Biodegradable_Polymers,true
https://schoolworkhelper.net/enzymes-structure-and-function/,true
https://secondaryscience4all.wordpress.com/2014/08/09/effect-of-temperature-on-reaction-rate/,true
https://www.bbc.co.uk/bitesize/guides/zmbyqp3/revision/14,true
https://phys.org/news/2021-07-industrial-catalyst.html,true
https://phys.org/news/2007-04-discovery-family-pseudo-metallic-chemicals.html,true
https://chem.libretexts.org/Bookshelves/Analytical_Chemistry/Supplemental_Modules_(Analytical_Chemistry)/Analytical_Sciences_Digital_Library/JASDL/Courseware/Separation_Science/02_Text/02_Chromatography_%E2%80%93_Background/03_Adsorption_Compared_to_Partition_as_a_Separation_Mechanism,true
https://thefactfactor.com/facts/pure_science/chemistry/physical-chemistry/rate-of-first-order-reaction/13886/,true
https://thefactfactor.com/facts/pure_science/chemistry/physical-chemistry/adsorption-surface-chemistry/11172/,true
https://chem.libretexts.org/Bookshelves/Physical_and_Theoretical_Chemistry_Textbook_Maps/Supplemental_Modules_(Physical_and_Theoretical_Chemistry)/Kinetics/02%3A_Reaction_Rates/2.08%3A_Second-Order_Reactions/2.8.01%3A_Pseudo-1st-order_reactions,true
https://chem.libretexts.org/Bookshelves/Physical_and_Theoretical_Chemistry_Textbook_Maps/Exercises%3A_Physical_and_Theoretical_Chemistry/Data-Driven_Exercises/Adsorption_Isotherms_-_Methylene_Blue_on_Activated_Carbon,true
https://chem.libretexts.org/Courses/University_of_Kentucky/UK%3A_General_Chemistry/12%3A_Kinetics/12.4%3A_Integrated_Rate_Laws,true
https://thefactfactor.com/facts/pure_science/chemistry/physical-chemistry/factors-affecting-adsorption/11184/,true
https://thefactfactor.com/facts/pure_science/chemistry/physical-chemistry/rate-of-first-order-reaction/13886/,true
https://chem.libretexts.org/Bookshelves/Physical_and_Theoretical_Chemistry_Textbook_Maps/Supplemental_Modules_(Physical_and_Theoretical_Chemistry)/Kinetics/03%3A_Rate_Laws/3.02%3A_Reaction_Mechanisms/3.2.01%3A_Elementary_Reactions,true
https://chem.libretexts.org/Bookshelves/General_Chemistry/Book%3A_ChemPRIME_(Moore_et_al.)/10%3A_Solids_Liquids_and_Solutions/10.27%3A_Colloids,true
https://thefactfactor.com/chemistry/colloids/,true
https://en.wikipedia.org/wiki/Carbonyl_group,true
https://en.wikipedia.org/wiki/Secondary_battery,true
https://selfstudypoint.in/emulsions/,true
https://chem.libretexts.org/Courses/University_of_Illinois_Springfield/UIS%3A_CHE_269_(Morsch_and_Andrews)/Chapters/Chapter_22%3A_Nucleophilic_Acyl_Substitution/22.09_Reactions_of_Carboxylic_Acids,true
https://chem.libretexts.org/Courses/Woodland_Community_College/WCC%3A_Chem_1B_-_General_Chemistry_II/Chapters/14%3A_Chemical_Kinetics/14.4%3A_The_Integrated_Rate_Law%3A_The_Dependence_of_Concentration_on_Time,true
https://selfstudypoint.in/colloids/,true
https://chem.libretexts.org/Bookshelves/Organic_Chemistry/Book%3A_Radical_Reactions_of_Carbohydrates_(Binkley)/I%3A_Structure_and_Reactivity_of_Carbohydrate__Radicals/08%3A_Radical_Reactivity%3A_Reaction_Rate_Constants/II._Absolute_and_Relative_Rate_Constants,true
https://selfstudypoint.in/colloids/,true
https://selfstudypoint.in/difference-between-adsorption-and-absorption/,true
https://selfstudypoint.in/effect-of-catalyst-on-rate-of-reaction/,true
https://thefactfactor.com/facts/pure_science/chemistry/physical-chemistry/preparation-of-colloids/11294/,true
https://selfstudypoint.in/arrhenius-equation/,true
https://thefactfactor.com/facts/pure_science/chemistry/physical-chemistry/application-of-adsorption-catalysis/11210/,true
https://selfstudypoint.in/temperature-dependency-of-a-rate-of-reaction/,true
https://thefactfactor.com/facts/pure_science/chemistry/physical-chemistry/factors-affecting-adsorption/11184/,true
https://selfstudypoint.in/adsorption-isotherms/,true
https://socratic.org/questions/where-do-enzymes-act-as-catalysts,true
https://www.instituteofmaking.org.uk/materials-library/material/copper,true
https://thefactfactor.com/facts/pure_science/chemistry/physical-chemistry/applications-of-colloids/11934/,true
https://selfstudypoint.in/integrated-rate-equations/,true
https://selfstudypoint.in/half-life-of-a-reaction/,true
https://en.wikipedia.org/wiki/Capacitor_types,true
https://www.encyclopedia.com/education/news-wires-white-papers-and-books/rate-change-instantaneous,false
https://socratic.org/questions/why-does-a-catalyst-help-a-reaction-proceed-at-a-faster-rate,true
https://www.bbc.co.uk/bitesize/guides/zy63msg/revision/5,true
https://selfstudypoint.in/physical-chemical-properties-and-uses-of-carboxylic-acids/,true
https://selfstudypoint.in/physical-chemical-properties-and-uses-of-carboxylic-acids/,true
https://med.libretexts.org/Courses/Skyline_College/Chemistry_for_Health_Sciences/Book%3A_The_Basics_of_GOB_Chemistry_(Ball_et_al.)/14%3A_Organic_Acids_and_Bases_and_Some_of_Their_Derivatives/14.04%3A_Physical_Properties_of_Carboxylic_Acids,true
https://selfstudypoint.in/chemical-kinetics-rate-of-reaction/,true
https://www.britannica.com/science/formyl-group,true
https://www.britannica.com/print/article/378329,true
http://www.chem4kids.com/files/elements/030_speak.html,false
http://www.chem4kids.com/files/react_measure.html,false
https://material-properties.org/what-is-corrosion-definition/,true
https://www.aplustopper.com/colloidal-solution/,true
https://socratic.org/questions/how-do-coefficients-affect-the-rate-law,true
https://socratic.org/questions/56b4dcdf11ef6b6a0e41f078,true
https://chem.libretexts.org/Courses/Purdue/Purdue%3A_Chem_26200%3A_Organic_Chemistry_II_(Wenthold)/Chapter_15._Reactions_of_Aromatic_Molecules/15.01%3A_Electrophilic_Aromatic_Substitution/Electrophilic_Aromatic_Substitution_reactions,true
https://chem.libretexts.org/Bookshelves/Organic_Chemistry/Map%3A_Organic_Chemistry_(Vollhardt_and_Schore)/17%3A_Aldehydes_and_Ketones_-_The_Carbonyl_Group/17.02%3A_Structure_of_the_Carbonyl__Group,true
https://phys.org/news/2018-05-polymer-path-sustainable-biodegradable-polyesters.html,true
https://sciencenotes.org/adsorption-vs-absorption-differences-and-examples/,true
https://www.brightstorm.com/science/chemistry/kinetic-molecular-theory/tips-on-when-to-use-differential-rate-laws-and-integrated-rate-laws/,true
https://www.worldatlas.com/articles/copper-facts-geology-of-the-world.html,false
https://socratic.org/questions/what-are-the-reactions-for-amines-and-amides,false
https://edu.rsc.org/elements/zinc/2020033.article,false
https://selfstudypoint.in/colloids/,false
https://www.brightstorm.com/science/chemistry/chemical-reaction-rates/reaction-mechanism/,true
https://selfstudypoint.in/emulsions/,false
https://classroom.thenational.academy/lessons/effect-of-changing-temperature-on-rate-of-reaction-6wu6cd,false
https://www.khanacademy.org/science/ap-chemistry-beta/x2eef969c74e0d802:kinetics/x2eef969c74e0d802:reaction-mechanisms/v/elementary-rate-laws,false
https://enviroliteracy.org/special-features/its-element-ary/copper/,false
https://energyeducation.ca/encyclopedia/Copper,false
https://www.khanacademy.org/science/organic-chemistry/aldehydes-ketones/nomenclature-aldehyde-ketone/v/nomenclature-of-aldehydes-and-ketones,false
https://www.khanacademy.org/science/organic-chemistry/aromatic-compounds/reactions-benzene/v/electrophilic-aromatic-substitution,false
https://www.citethisforme.com/topic-ideas/religious-studies/Maximillian%20Kolbe-10503630,false
https://school.ebonline.in/levels/high/article/Kolbe-Hermann/45925,false
https://www.khanacademy.org/science/organic-chemistry/carboxylic-acids-derivatives/reactions-carboxylic-jay/v/carboxylic-acid-nomenclature-and-properties,false
https://www.brainscape.com/flashcards/1441-defining-the-molecularity-of-a-reac-7411378/packs/11455278,false
http://www.chem4kids.com/files/elements/026_speak.html,false
https://socratic.org/questions/why-are-aldehydes-more-reactive-than-ketones,false
https://chem.libretexts.org/Courses/Brevard_College/CHE_202%3A_Organic_Chemistry_II/01%3A_Aldehydes_and_Ketones/1.04%3A_Physical_Properties_of_Aldehydes_and_Ketones,false
https://chem.libretexts.org/Courses/Sacramento_City_College/SCC%3A_Chem_309_-_General_Organic_and_Biochemistry_(Bennett)/Text/10%3A_Organic_Functional_Groups_-_Introduction_to_Acid-Base_Chemistry/10.02%3A_Physical_Properties_of_Aldehydes_and_Ketones,false
https://selfstudypoint.in/preparation-of-aldehydes-and-ketones/,false
https://www.khanacademy.org/science/organic-chemistry/aldehydes-ketones/nomenclature-aldehyde-ketone/v/physical-properties-of-aldehydes-and-ketones,false
http://chemguide.co.uk/organicprops/carbonyls/iodoform.html,false
https://www.cliffsnotes.com/study-guides/chemistry/organic-chemistry-ii/aldehydes-and-ketones/reactions-of-aldehydes-and-ketones,false
https://selfstudypoint.in/physical-chemical-properties-and-use-of-aldehydes-and-ketones/,false
http://chemguide.co.uk/organicprops/carbonyls/addition.html,false
https://selfstudypoint.in/physical-chemical-properties-and-use-of-aldehydes-and-ketones/,false
https://www.britannica.com/science/aldehyde/Uses-of-aldehydes,false
https://www.rsc.org/periodic-table/element/30/zinc,false
https://en.wikipedia.org/wiki/Zinc%E2%80%93zinc_oxide_cycle,false
https://www.bbc.co.uk/bitesize/guides/z6ybvwx/revision/4,false
https://chem.libretexts.org/Bookshelves/Introductory_Chemistry/Map%3A_Chemistry_for_Changing_Times_(Hill_and_McCreary)/09%3A_Organic_Chemistry/9.06%3A_Alcohols%2C_Phenols%2C_and_Ethers,false
https://en.wikipedia.org/wiki/Iron%28II%29_oxide,true
https://www.britannica.com/biography/Saint-Maksymilian-Maria-Kolbe,false
https://www.sciencelearn.org.nz/resources/1650-chemical-reactions-and-catalysts,false
https://eschooltoday.com/learn/what-is-a-colloid/,false
https://selfstudypoint.in/colloids/,false
https://www.britannica.com/science/amine,false
https://school.ebonline.in/levels/high/article/aluminum/5954,false
http://chemguide.co.uk/organicprops/carbonyls/addition.html,false
https://www.britannica.com/science/carboxylic-acid/Synthesis-of-carboxylic-acids,false
https://www.encyclopedia.com/science-and-technology/chemistry/compounds-and-elements/zinc-oxide,false
https://school.ebonline.in/levels/high/article/leaching/47489,false
https://www.britannica.com/print/article/333492,false
https://en.wikipedia.org/wiki/Ferromagnetism,true
https://selfstudypoint.in/concentration-of-ores/,false
https://www.britannica.com/science/metallurgy/Leaching,false
https://thefactfactor.com/facts/pure_science/chemistry/inorganic-chemistry/metallurgy/14630/,false
https://school.ebonline.in/levels/high/article/metallurgy/110658#81926.toc,false
https://en.wikipedia.org/wiki/Magnetic_storage,true
https://www.britannica.com/science/metallurgy,false
https://selfstudypoint.in/thermodynamic-principles-of-metallurgy/,false
https://www.bbc.co.uk/bitesize/guides/zsm7v9q/revision/3,false
https://edu.rsc.org/exhibition-chemistry/the-extraction-of-iron/2020074.article,false
https://www.onlinemathlearning.com/iron-extraction.html,false
https://selfstudypoint.in/extraction-of-iron-from-its-oxides/,false
https://chem.libretexts.org/Courses/Westminster_College/CHE_180_-_Inorganic_Chemistry/10%3A_Chapter_10_-_The_Transition_Metals/10.9%3A_Group_11/Chemistry_of_Copper,false
https://www.onlinemathlearning.com/reduction-copper-oxide.html,false
https://www.britannica.com/science/cuprous-oxide,false
https://selfstudypoint.in/extraction-of-copper-from-cuprous-oxide/,false
http://chemguide.co.uk/inorganic/extraction/copper.html,false
https://www.geeksforgeeks.org/magnetization-and-magnetic-intensity/,false
https://selfstudypoint.in/torque-experienced-current-loop-uniform-magnetic-field/,false
https://phys.org/news/2013-08-magnetisation-picosecond-intervals.html,false
https://www.brainscape.com/flashcards/magnetics-part-1-3723354/packs/5601151,false
https://van.physics.illinois.edu/qa/listing.php?id=27603&t=water-diamagnetism,false
https://socratic.org/questions/what-is-diamagnetism,false
https://www.britannica.com/print/article/161370,false
https://en.wikipedia.org/wiki/Diamagnetism,false
https://wiki.kidzsearch.com/wiki/Ferromagnetism,false
https://material-properties.org/what-is-ferromagnetic-material-ferromagnetism-definition/,false
https://www.britannica.com/science/ferromagnetism,false
https://school.ebonline.in/levels/high/article/ferromagnetism/34114,false
https://selfstudypoint.in/collision-theory-of-chemical-reactions/,false
https://socratic.org/questions/what-does-quantitative-mean,false
https://phys.org/news/2018-06-plastic-energy-fuels.html,false
https://www.khanacademy.org/science/ap-chemistry-beta/x2eef969c74e0d802:kinetics/x2eef969c74e0d802:concentration-changes-over-time/v/half-life-of-a-first-order-reaction,false
https://www.worldatlas.com/what-is-quantitative-research.html,false
https://en.wikipedia.org/wiki/Quantitative_storytelling,false
https://selfstudypoint.in/ethers-and-preparation-of-ethers/,false
https://www.khanacademy.org/science/organic-chemistry/alcohols-ethers-epoxides-sulfides/synthesis-alcohols-tutorial/v/preparation-of-alcohols-using-nabh4,false
https://thefactfactor.com/facts/pure_science/chemistry/organic-chemistry/preparation-of-alkenes/15313/,false
https://chem.libretexts.org/Bookshelves/Organic_Chemistry/Book%3A_Basic_Principles_of_Organic_Chemistry_(Roberts_and_Caserio)/15%3A_Alcohols_and_Ethers/15.04%3A_Preparation_of_Alcohols,false
https://selfstudypoint.in/preparation-of-alcohols/,false
https://school.ebonline.in/levels/high/article/phenol/59614,false
https://chem.libretexts.org/Courses/can/org/17%3A_Alcohols_and_Phenols,false
https://www.essentialchemicalindustry.org/chemicals/phenol.html,false
https://selfstudypoint.in/physical-chemical-properties-of-phenols/,false
https://selfstudypoint.in/preparation-of-phenol/,false
https://www.britannica.com/science/alcohol/Physical-properties-of-alcohols,false
https://revisionworld.com/a2-level-level-revision/chemistry/aromatics-amines-amino-acids-polymers/phenols,false
https://chem.libretexts.org/Sandboxes/ccotton2ccbcmdedu/Community_College_of_Baltimore_County_Organic_Chemistry_1/11%3A_Alcohols_and_Phenols,false
https://www.khanacademy.org/test-prep/mcat/chemical-processes/alcohols-and-phenols/v/properties-of-alcohols,false
https://www.cliffsnotes.com/study-guides/chemistry/organic-chemistry-ii/alcohols-and-ethers/reactions-of-alcohols,false
https://www.bbc.co.uk/bitesize/guides/z3v4xfr/revision/4,false
https://www.britannica.com/science/alcohol/Reactions-of-alcohols,false
https://chem.libretexts.org/Courses/University_of_Illinois_Springfield/UIS%3A_CHE_124_(Morsch_and_Andrews)/Book%3A_The_Basics_of_GOB_Chemistry_(Ball_et_al.)/14%3A_Organic_Compounds_of_Oxygen/14.05_Reactions_of_Alcohols,false
https://www.onlinemathlearning.com/alcohol-reactions.html,false
https://www.bbc.co.uk/bitesize/guides/z2jndxs/revision/2,false
https://secondaryscience4all.wordpress.com/2014/08/16/ethanol/,false
https://www.britannica.com/science/ethanol,false
https://www.essentialchemicalindustry.org/chemicals/ethanol.html,false
https://energyeducation.ca/encyclopedia/Ethanol,false
https://www.britannica.com/technology/battery-electronics/Primary-batteries,false
https://energyeducation.ca/encyclopedia/Battery,false
https://chem.libretexts.org/Courses/University_of_California_Santa_Cruz/UCSC%3A_Chem_1B-AL_(Mednick)/Map%3A_Chemistry_(Zumdahl_and_Decoste)/11%3A_Electrochemistry/11.5%3A_Batteries,false
https://selfstudypoint.in/batteries/,false
https://www.bbc.co.uk/bitesize/guides/z2gccdm/revision/1,false
https://www.aplustopper.com/calculate-reaction-rate/,false
http://www.chem4kids.com/files/react_measure.html,false
https://intl.siyavula.com/read/science/grade-12/rate-and-extent-of-reaction/07-rate-and-extent-of-reaction-03,false
https://www.khanacademy.org/science/ap-chemistry-beta/x2eef969c74e0d802:kinetics/x2eef969c74e0d802:reaction-rates/v/rate-of-reaction,false
https://www.britannica.com/science/chemical-kinetics,false
https://chem.libretexts.org/Bookshelves/General_Chemistry/Map%3A_Chemistry_-_The_Central_Science_(Brown_et_al.)/14%3A_Chemical_Kinetics,false
https://thefactfactor.com/chemistry/chemical-kinetics/,false
https://www.thoughtco.com/definition-of-chemical-kinetics-604907,false
https://www.britannica.com/science/Ohms-law,false
https://en.wikiversity.org/wiki/Ohm%27s_law,false
https://energyeducation.ca/encyclopedia/Ohm%27s_law,false
https://www.geeksforgeeks.org/limitations-and-applications-of-ohms-law/,false
https://www.britannica.com/science/geomagnetic-field/Sources-of-the-steady-magnetic-field,false
https://material-properties.org/what-is-diamagnetic-material-diamagnetism-definition/,false
https://www.sparknotes.com/physics/magneticforcesandfields/sourcesofmagneticfields/summary/,false
https://en.wikipedia.org/wiki/Source_field,false
https://phys.libretexts.org/Courses/University_of_California_Davis/UCD%3A_Physics_9C__Electricity_and_Magnetism/4%3A_Magnetism/4.4%3A_Sources_of_Magnetic_Fields,false
https://courses.lumenlearning.com/physics/chapter/22-7-magnetic-force-on-a-current-carrying-conductor/,false
https://iu.pressbooks.pub/openstaxcollegephysics/chapter/magnetic-force-on-a-current-carrying-conductor/,false
https://selfstudypoint.in/force-current-carrying-conductor-placed-magnetic-field/,false
https://www.texasgateway.org/resource/56-magnetic-force-current-carrying-conductor,false
https://www.bbc.co.uk/bitesize/guides/zyfyyrd/revision/4,false
https://thekidshouldseethis.com/post/magnetic-fields-slow-motion,false
https://phys.libretexts.org/Bookshelves/University_Physics/Book%3A_University_Physics_(OpenStax)/Book%3A_University_Physics_II_-_Thermodynamics_Electricity_and_Magnetism_(OpenStax)/11%3A_Magnetic_Forces_and_Fields/11.04%3A_Motion_of_a_Charged_Particle_in_a_Magnetic_Field,false
https://www.geeksforgeeks.org/motion-of-a-charged-particle-in-a-magnetic-field/,false
https://youngzine.org/news/climate-science/mapping-magnetic-field,false
https://phys.libretexts.org/Courses/University_of_California_Davis/UCD%3A_Physics_9C__Electricity_and_Magnetism/4%3A_Magnetism/4.5%3A_Amp%C3%A8re's_Law,false
https://en.wikibooks.org/wiki/Electrodynamics/Ampere%27s_Law,false
https://wiki.kidzsearch.com/wiki/Amp%C3%A8re%27s_circuital_law,false
https://en.wikipedia.org/wiki/Amp%C3%A8re%27s_circuital_law,false
https://socratic.org/questions/how-does-gravity-work-in-toroidal-masses,false
https://www.britannica.com/science/toroidal-field,false
https://en.wikipedia.org/wiki/Toroidal,false
https://selfstudypoint.in/magnetic-field-due-to-a-toroidal-solenoid/,false
https://phys.libretexts.org/Bookshelves/University_Physics/Book%3A_Introductory_Physics_-_Building_Models_to_Describe_Our_World_(Martin_Neary_Rinaldo_and_Woodman)/22%3A_Source_of_Magnetic_Field/22.04%3A_Solenoids_and_Toroids,false
https://courses.lumenlearning.com/physics/chapter/22-8-torque-on-a-current-loop-motors-and-meters/,false
https://phys.libretexts.org/Courses/Muhlenberg_College/Physics_122%3A_General_Physics_II_(Collett)/06%3A_Magnetic_Forces_and_Fields/6.06%3A_Force_and_Torque_on_a_Current_Loop,false
https://iu.pressbooks.pub/openstaxcollegephysics/chapter/torque-on-a-current-loop-motors-and-meters/,false
https://phys.org/news/2017-08-reed-warblers-magnetic-declination.html,false
https://www.sciencedaily.com/releases/2008/06/080611161041.htm,false
https://www.geeksforgeeks.org/permanent-magnets-and-electromagnets/,false
https://courses.lumenlearning.com/physics/chapter/19-5-capacitors-and-dielectrics/,false
https://www.geeksforgeeks.org/derive-and-expression-for-the-capacitance-of-a-parallel-plate-capacitor-with-and-without-dielectric-medium-between-the-plates/,false
https://www.khanacademy.org/science/physics/circuits-topic/circuits-with-capacitors/v/dielectrics-capacitors,false
https://www.britannica.com/print/article/162637,false
https://www.khanacademy.org/science/physics/circuits-topic/circuits-with-capacitors/v/capacitors-series,false
https://www.brightstorm.com/science/physics/electricity/capacitors-in-series/,false
https://courses.lumenlearning.com/physics/chapter/19-6-capacitors-in-series-and-parallel/,false
https://socratic.org/questions/why-should-i-put-capacitors-in-parallel,false
https://www.brightstorm.com/science/physics/electricity/capacitors-in-parallel/,false
https://en.wikipedia.org/wiki/Solenoid_valve,false
https://selfstudypoint.in/solenoid-electromagnet/,false
https://phys.libretexts.org/Bookshelves/University_Physics/Book%3A_University_Physics_(OpenStax)/Book%3A_University_Physics_II_-_Thermodynamics_Electricity_and_Magnetism_(OpenStax)/12%3A_Sources_of_Magnetic_Fields/12.04%3A__Magnetic_Force_between_Two_Parallel_Currents,false
https://en.wikipedia.org/wiki/Amp%C3%A8re%27s_force_law,false
https://iu.pressbooks.pub/openstaxcollegephysics/chapter/magnetic-force-between-two-parallel-conductors/,false
https://www.texasgateway.org/resource/59-magnetic-force-between-two-parallel-conductors,false
https://selfstudypoint.in/force-two-parallel-current-carrying-conductors-definition-ampere/,false
https://www.geeksforgeeks.org/magnetic-dipole-moment-of-a-revolving-electron/,false
https://www.britannica.com/print/article/357033,false
https://en.wikipedia.org/wiki/Magnetic_dipole,false
https://school.ebonline.in/levels/high/article/magnetic-dipole/50021,false
https://selfstudypoint.in/current-loop-magnetic-dipole/,false
https://en.wikipedia.org/wiki/Dipole_moment,false
https://www.scienceabc.com/pure-sciences/what-is-a-dipole.html,false
https://www.geeksforgeeks.org/magnetic-dipole-moment-of-a-revolving-electron/,false
https://selfstudypoint.in/magnetic-dipole-moment-revolving-electron/,false
https://thefactfactor.com/facts/pure_science/physics/moving-coil-galvanometer/5938/,false
https://www.geeksforgeeks.org/moving-coil-galvanometer/,false
https://selfstudypoint.in/moving-coil-galvanometer/,false
https://en.wikipedia.org/wiki/Magnetic_dipole,false
https://van.physics.illinois.edu/qa/listing.php?id=28147&t=what-is-a-uniform-radial-magnetic-field,false
https://www.britannica.com/print/article/357033,false
https://school.ebonline.in/levels/high/article/magnetic-dipole/50021,false
https://phys.libretexts.org/Bookshelves/University_Physics/Book%3A_Physics_(Boundless)/17%3A_Electric_Charge_and_Field/17.5%3A_Electric_Flux_and_Gausss_Law,false
https://en.wikibooks.org/wiki/Thermodynamics,false
https://school.ebonline.in/levels/high/article/Gausss-law/36224,false
https://en.wikipedia.org/wiki/Gauss%27s_law_for_magnetism,false
https://www.tutorialspoint.com/material_magnetism_and_earth/index.asp,false
https://earthobservatory.nasa.gov/images/4505/earths-surface-magnetism,false
https://van.physics.illinois.edu/qa/listing.php?id=145626&t=earths-gravity-and-magnetism,false
https://selfstudypoint.in/combination-capacitors-series-parallel/,false
https://www.khanacademy.org/science/physics/circuits-topic/circuits-with-capacitors/v/capacitors-parallel,false
https://science4fun.info/ohms-law/,false
https://www.brainscape.com/packs/ddt-17285118,false
https://www.epa.gov/ingredients-used-pesticide-products/ddt-brief-history-and-status,false
https://www.encyclopedia.com/science/academic-and-educational-journals/dichlorodiphenyltrichloroethane,false
https://schoolworkhelper.net/ddt-properties-uses-whmis/,false
https://www.britannica.com/science/DDT,false
http://chemguide.co.uk/organicprops/phenol/background.html,false
https://www.britannica.com/science/phenol,false
https://www.cliffsnotes.com/study-guides/chemistry/organic-chemistry-ii/phenols-and-aryl-halides/phenols,false
https://selfstudypoint.in/nomenclature-of-carbon-compounds/,false
https://school.ebonline.in/levels/high/article/alcohol/5513#277673.toc,false
https://chem.libretexts.org/Bookshelves/Organic_Chemistry/Map%3A_Organic_Chemistry_(Bruice)/02%3A_An_Introduction_to_Organic_Compounds-_Nomenclature_Physical_Properties_and_Representation_of_Structure/2.06%3A_The_Nomenclature_of_Alcohols,false
https://www.khanacademy.org/test-prep/mcat/chemical-processes/alcohols-and-phenols/v/alcohol-nomenclature-rules,false
https://www.khanacademy.org/science/organic-chemistry/alcohols-ethers-epoxides-sulfides/nomenclature-properties-ethers/v/properties-of-ethers-and-crown-ethers,false
https://selfstudypoint.in/energy-stored-capacitor/,false
https://school.ebonline.in/levels/high/article/ether/33122#277847.toc,false
https://chem.libretexts.org/Courses/University_of_Illinois_Springfield/UIS%3A_CHE_267_-_Organic_Chemistry_I_(Morsch)/Chapters/Chapter_09%3A_Alcohols_Ethers_and_Epoxides/9.03%3A_Nomenclature,false
https://van.physics.illinois.edu/qa/listing.php?id=23409&t=asymmetrical-parallel-plate-capacitor,false
https://www.britannica.com/technology/parallel-plate-capacitor,false
https://phys.libretexts.org/Bookshelves/Electricity_and_Magnetism/Book%3A_Electromagnetics_I_(Ellingson)/05%3A_Electrostatics/5.23%3A_The_Thin_Parallel_Plate_Capacitor,false
https://selfstudypoint.in/capacitance-parallel-plate-capacitor/,false
https://phys.org/news/2007-07-unique-material-capacitors-energy.html,false
https://socratic.org/questions/how-do-capacitors-store-energy-1,false
https://www.cyberphysics.co.uk/topics/electricity/higher_electricity/capacitor_energyStore.htm,false
https://van.physics.illinois.edu/qa/listing.php?id=15508&t=sources-of-electric-field,false
https://www.geeksforgeeks.org/electric-current/,false
https://www.aplustopper.com/electric-current/,false
https://en.wikipedia.org/wiki/Electric_current,false
https://www.encyclopedia.com/science/encyclopedias-almanacs-transcripts-and-maps/electric-conductor,false
https://selfstudypoint.in/electric-current/,false
https://phys.org/news/2007-03-remote-sheep-population-resists-genetic.html,false
https://www.sparknotes.com/chemistry/solutions/colligative/section1/,false
https://eng.libretexts.org/Bookshelves/Materials_Science/Supplemental_Modules_(Materials_Science)/Solar_Basics/C._Semiconductors_and_Solar_Interactions/II._Conduction_in_Semiconductors/4%3A_Carrier_Drift_and_Mobility,false
https://van.physics.illinois.edu/qa/listing.php?id=206723&t=drift-velocity-of-electrons,false
https://www.gov.uk/research-for-development-outputs/political-considerations-relevant-to-energy-and-economic-growth,false
https://en.wikipedia.org/wiki/Temperature_dependence_of_viscosity,false
https://iu.pressbooks.pub/openstaxcollegephysics/chapter/resistance-and-resistivity/,false
https://www.texasgateway.org/resource/33-resistance-and-resistivity,false
https://school.ebonline.in/levels/high/article/Lorentz-force/471075,false
https://www.roguephysicist.com/simulations%20and%20software/walter_fendt_applets_ph14e/ph14e/lorentzforce.htm,false
https://en.wikipedia.org/wiki/Lorentz_force,false
https://www.school-for-champions.com/science/magnetism_lorentz.htm,false
https://selfstudypoint.in/magnetic-lorentz-force/,false
https://www.w3schools.com/jquery/sel_lt.asp,false
https://www.thoughtco.com/what-is-a-css-selector-3467058,false
https://www.khanacademy.org/science/in-in-class-12th-physics-india/moving-charges-and-magnetism/x51bd77206da864f3:motion-in-combined-magnetic-and-electric-fields/v/velocity-selector,false
https://en.wikipedia.org/wiki/Neutron-velocity_selector,false
https://www.thoughtco.com/what-is-a-cyclotron-2699099,false
https://school.ebonline.in/levels/high/article/cyclotron/28388,false
https://www.britannica.com/technology/cyclotron,false
https://selfstudypoint.in/cyclotron/,false
https://phys.libretexts.org/Bookshelves/University_Physics/Book%3A_University_Physics_(OpenStax)/Book%3A_University_Physics_II_-_Thermodynamics%2C_Electricity%2C_and_Magnetism_(OpenStax)/12%3A_Sources_of_Magnetic_Fields/12.02%3A_The_Biot-Savart_Law,false
https://thefactfactor.com/facts/pure_science/physics/biot-savarts-law/6019/,false
https://en.wikiversity.org/wiki/Biot-Savart_Law,false
https://phys.libretexts.org/Bookshelves/University_Physics/Book%3A_University_Physics_(OpenStax)/Book%3A_University_Physics_II_-_Thermodynamics_Electricity_and_Magnetism_(OpenStax)/12%3A_Sources_of_Magnetic_Fields/12.02%3A_The_Biot-Savart_Law,false
https://selfstudypoint.in/biot-savart-law/,false
https://www.khanacademy.org/science/in-in-class10th-physics/in-in-magnetic-effects-of-electric-current/magnetic-field-due-to-current-carrying-loops-and-solenoids/v/magnetic-field-due-to-current-carrying-loop,false
https://phys.libretexts.org/Courses/Muhlenberg_College/Physics_122%3A_General_Physics_II_(Collett)/07%3A_Sources_of_Magnetic_Fields/7.05%3A_Magnetic_Field_of_a_Current_Loop,false
https://phys.libretexts.org/Bookshelves/University_Physics/Book%3A_University_Physics_(OpenStax)/Book%3A_University_Physics_II_-_Thermodynamics_Electricity_and_Magnetism_(OpenStax)/12%3A_Sources_of_Magnetic_Fields/12.05%3A_Magnetic_Field_of_a_Current_Loop,false
https://www.khanacademy.org/science/in-in-class10th-physics/in-in-magnetic-effects-of-electric-current/magnetic-field-due-to-current-carrying-loops-and-solenoids/e/-magnetic-field-due-to-a-current-carrying-circular-loop,false
https://selfstudypoint.in/current-loop-magnetic-dipole/,false
https://school.ebonline.in/levels/high/article/solenoid/68580,false
https://van.physics.illinois.edu/qa/listing.php?id=15438&t=solenoid-ends,false
https://www.brightstorm.com/science/physics/magnetism/solenoids-electromagnets/,false
https://chem.libretexts.org/Bookshelves/Organic_Chemistry/Book%3A_Catalytic_Asymmetric_Synthesis_(Punniyamurthy)/05%3A_Oxidation_Reactions/5.02%3A_Epoxidation_of_Allylic_Alcohols,false
https://www.khanacademy.org/test-prep/mcat/chemical-processes/alcohols-and-phenols/v/alcohol-nomenclature-rules,false
https://www.aplustopper.com/plus-two-chemistry-notes-chapter-10/,false
https://www.encyclopedia.com/environment/energy-government-and-defense-magazines/atmospheric-inversions,false
https://chem.libretexts.org/Ancillary_Materials/Reference/Organic_Chemistry_Glossary/Inversion_of_Configuration,false
https://www.britannica.com/print/article/292348,false
https://selfstudypoint.in/chemical-reactions-of-halides/,false
https://school.ebonline.in/levels/high/article/organohalogen-compound/437529#277960.toc,false
https://chem.libretexts.org/Courses/Athabasca_University/Chemistry_350%3A_Organic_Chemistry_I/16%3A_Chemistry_of_Benzene-_Electrophilic_Aromatic_Substitution/16.09%3A_Nucleophilic_Aromatic_Substitution,false
https://selfstudypoint.in/chemical-reactions-of-halides/,false
https://chem.libretexts.org/Courses/can/org/16%3A_Chemistry_of_Benzene_-_Electrophilic_Aromatic_Substitution/16.09%3A_Nucleophilic_Aromatic_Substitution,false
https://www.cliffsnotes.com/study-guides/chemistry/organic-chemistry-ii/phenols-and-aryl-halides/reactions-of-aryl-halides,false
https://chem.libretexts.org/Bookshelves/Organic_Chemistry/Supplemental_Modules_(Organic_Chemistry)/Alcohols/Reactivity_of_Alcohols/The_Triiodomethane_(Iodoform)_Reaction,false
https://school.ebonline.in/levels/high/article/organohalogen-compound/437529#277960.toc,false
https://phys.org/news/2021-07-aryl-radical-formation-halide-bond.html,false
https://selfstudypoint.in/chemical-reactions-of-halides/,false
https://www.cliffsnotes.com/study-guides/chemistry/organic-chemistry-ii/phenols-and-aryl-halides/reactions-of-aryl-halides,false
https://earthsky.org/earth/possible-new-threat-to-earths-ozone-layer/,false
https://chem.libretexts.org/Courses/University_of_California_Davis/UCD_Chem_002A/UCD_Chem_2A/Homework/Exercises/Exercise_03,false
https://www.hse.gov.uk/research/rrpdf/rr982.pdf,false
https://www.thenakedscientists.com/podcasts/short/chemistry-its-element/dichloromethane-chemistry-its-element,false
http://www.coastalwiki.org/wiki/Dichloromethane,false
https://youngzine.org/news/climate-science/heard-methane-munching-microbes,false
https://school.ebonline.in/levels/high/article/iodoform/42685,false
http://chemguide.co.uk/organicprops/alcohols/iodoform.html,false
https://chem.libretexts.org/Courses/can/org/18%3A_Ethers_and_Epoxides_Thiols_and_Sulfides,false
http://chemguide.co.uk/organicprops/carbonyls/iodoform.html,false
https://www.epa.gov/assessing-and-managing-chemicals-under-tsca/risk-management-carbon-tetrachloride,false
https://school.ebonline.in/levels/high/article/carbon-tetrachloride/20254,false
https://www.thoughtco.com/carbon-tetrachloride-boiling-point-608775,false
https://www.britannica.com/science/carbon-tetrachloride,false
https://www.encyclopedia.com/science-and-technology/chemistry/organic-chemistry/carbon-tetrachloride,false
https://en.wikibooks.org/wiki/Electrodynamics/Electric_Field,false
https://www.geeksforgeeks.org/electric-field-due-to-a-point-charge/,false
https://www.physicsclassroom.com/Teacher-Toolkits/Electric-Fields/Electric-Fields-Complete-ToolKit,false
https://en.wikipedia.org/wiki/Electric_field,false
https://revisionworld.com/a2-level-level-revision/physics/fields-0/electric-fields,false
https://www.geeksforgeeks.org/roots-of-quadratic-equations/,false
https://www.math-only-math.com/nature-of-the-roots-of-a-quadratic-equation.html,false
https://www.cliffsnotes.com/study-guides/algebra/algebra-i/quadratic-equations/solving-quadratic-equations,false
https://www.school-for-champions.com/algebra/quadratic_formula.htm,false
https://www.onlinemathlearning.com/complex-numbers-algebra.html,false
https://www.sparknotes.com/math/precalc/complexnumbers/section3/,false
https://www.brightstorm.com/math/precalculus/polar-coordinates-and-complex-numbers/more-roots-of-complex-numbers/all,false
https://socratic.org/precalculus/complex-numbers-in-trigonometric-form/roots-of-complex-numbers,false
https://en.wikipedia.org/wiki/Additive,false
https://www.fda.gov/food/ingredients-additives-gras-packaging-guidance-documents-regulatory-information/2020-food-and-color-additive-final-rules,false
https://www.geeksforgeeks.org/basic-properties-of-electric-charge/,false
https://socratic.org/questions/why-is-the-electric-charge-a-fundamental-conserved-property,false
https://school.ebonline.in/levels/high/article/charge-conservation/22523,false
https://selfstudypoint.in/forces-multiple-charges/,false
https://iu.pressbooks.pub/openstaxcollegephysics/chapter/electric-field-lines-multiple-charges/,false
https://www.geeksforgeeks.org/forces-between-multiple-charges/,false
https://phys.libretexts.org/Bookshelves/College_Physics/Book%3A_College_Physics_(OpenStax)/18%3A_Electric_Charge_and_Electric_Field/18.05%3A_Electric_Field_Lines-_Multiple_Charges,false
https://phys.libretexts.org/Courses/Muhlenberg_College/Physics_122%3A_General_Physics_II_(Collett)/01%3A_Electric_Charges_and_Fields/1.07%3A_Electric_Field_Lines,false
https://www.physicsclassroom.com/class/estatics/u8l4c,false
https://socratic.org/questions/how-can-electric-field-lines-be-directed,false
https://selfstudypoint.in/electric-field-lines/,false
https://phys.libretexts.org/Bookshelves/University_Physics/Book%3A_University_Physics_(OpenStax)/Book%3A_University_Physics_II_-_Thermodynamics_Electricity_and_Magnetism_(OpenStax)/05%3A_Electric_Charges_and_Fields/5.07%3A_Electric_Field_Lines,false
https://www.learncbse.in/important-questions-for-class-12-physics-cbse-gausss-law/,false
https://www.aplustopper.com/plus-two-physics-chapter-wise-previous-questions-chapter-1/,false
https://selfstudypoint.in/applications-gausss-law/,false
https://www.khanacademy.org/science/electrical-engineering/ee-electrostatics/ee-fields-potential-voltage/a/ee-plane-of-charge,false
https://selfstudypoint.in/applications-gausss-law/,false
https://en.wikipedia.org/wiki/Spherical_shell,false
https://phys.libretexts.org/Bookshelves/University_Physics/Book%3A_University_Physics_(OpenStax)/Book%3A_University_Physics_II_-_Thermodynamics_Electricity_and_Magnetism_(OpenStax)/12%3A_Sources_of_Magnetic_Fields/12.03%3A_Magnetic_Field_due_to_a_Thin_Straight_Wire,false
https://eng.libretexts.org/Bookshelves/Electrical_Engineering/Electro-Optics/Book%3A_Electromagnetics_I_(Ellingson)/05%3A_Electrostatics/5.12%3A_Electric_Potential_Field_Due_to_Point_Charges,false
https://www.texasgateway.org/resource/23-electrical-potential-due-point-charge,false
https://phys.libretexts.org/Bookshelves/University_Physics/Book%3A_Calculus-Based_Physics_(Schnick)/Volume_B%3A_Electricity_Magnetism_and_Optics/B06%3A_The_Electric_Potential_Due_to_One_or_More_Point_Charges,false
https://en.wikipedia.org/wiki/Drift_velocity,false
https://courses.lumenlearning.com/physics/chapter/19-3-electrical-potential-due-to-a-point-charge/,false
https://selfstudypoint.in/physical-properties-of-halides/,false
https://phys.libretexts.org/Bookshelves/University_Physics/Book%3A_Calculus-Based_Physics_(Schnick)/Volume_B%3A_Electricity_Magnetism_and_Optics/B06%3A_The_Electric_Potential_Due_to_One_or_More_Point_Charges,false
https://learn.concord.org/resources/818/electric-potential-energy-and-charge-intensity,false
https://material-properties.org/what-is-example-of-potential-energy-definition/,false
https://www.geeksforgeeks.org/potential-energy-of-a-system-of-charges/,false
https://www.aplustopper.com/plus-two-physics-notes-chapter-2/,false
https://en.wikipedia.org/wiki/Electric_potential_energy,false
https://www.geeksforgeeks.org/potential-energy-of-a-system-of-charges/,false
http://chemguide.co.uk/organicprops/alcohols/halogen.html,false
https://thefactfactor.com/facts/pure_science/physics/electric-potential-difference/11762/,false
https://secondaryscience4all.wordpress.com/as-chemistry-2/as-organic/3-3-halogenalkanes/,false
http://chemguide.co.uk/organicprops/haloalkanes/making.html,false
https://selfstudypoint.in/methods-of-preparation-of-haloalkanes-and-haloarenes/,false
https://www.cliffsnotes.com/study-guides/chemistry/organic-chemistry-i/reactions-of-alkanes/alkanes-halogenation,false
https://chem.libretexts.org/Bookshelves/Organic_Chemistry/Map%3A_Organic_Chemistry_(Wade)/07%3A_Alkyl_Halides%3A_Nucleophilic_Substitution_and_Elimination/7.03%3A_Preparation_of_Alkyl_Halides,false
https://thefactfactor.com/facts/pure_science/chemistry/organic-chemistry/preparation-of-alkyl-halides-from-alkanes/15544/,false
https://www.britannica.com/science/halogenation,false
https://chem.libretexts.org/Courses/Brevard_College/CHE_201%3A_Organic_Chemistry_I/04%3A_Aromatic_Compounds_(Arenes)/4.09%3A_Halogenation_Sulfonation_and_Nitration_of_Aromatic_Compounds,false
https://www.khanacademy.org/science/organic-chemistry/aromatic-compounds/electrophilic-aromatic-substitution/v/halogenation-of-benzene-1,false
https://www.britannica.com/science/alkyl-halide,false
https://chem.libretexts.org/Courses/can/org/10%3A_Organohalides/10.03%3A_Names_and_Properties_of_Alkyl_Halides,false
https://www.cliffsnotes.com/study-guides/chemistry/organic-chemistry-ii/alkyl-halides/introduction-to-alkyl-halides,false
https://en.wikipedia.org/wiki/Raman_optical_activity,false
https://www.khanacademy.org/science/organic-chemistry/stereochemistry-topic/optical-activity/v/optical-activity-new,false
https://www.cliffsnotes.com/study-guides/chemistry/organic-chemistry-i/stereochemistry/optical-activity,false
http://chemguide.co.uk/basicorg/isomerism/optical.html,false
https://en.wikibooks.org/wiki/Statistics/Distributions/Continuous,false
https://eng.libretexts.org/Bookshelves/Electrical_Engineering/Electro-Optics/Book%3A_Electromagnetics_I_(Ellingson)/05%3A_Electrostatics/5.13%3A_Electric_Potential_Field_due_to_a_Continuous_Distribution_of_Charge,false
https://phys.libretexts.org/Bookshelves/University_Physics/Book%3A_Spiral_Physics_-_Calculus_Based_(DAlessandris)/Spiral_Electricity_and_Magnetism__(Calculus-Based)/1%3A_Electric_Fields/1.4%3A_Analysis_Tools_-_Continuous_Charge_Distribution,false
https://www.geeksforgeeks.org/superposition-principle-and-continuous-charge-distribution/,false
https://selfstudypoint.in/applications-gausss-law/,false
https://socratic.org/questions/569e189c11ef6b5b717b928a,false
https://phys.libretexts.org/Bookshelves/Electricity_and_Magnetism/Book%3A_Electromagnetics_I_(Ellingson)/07%3A_Magnetostatics/7.05%3A_Magnetic_Field_of_an_Infinitely-Long_Straight_Current-Bearing_Wire,false
https://selfstudypoint.in/electric-dipole/,false
https://www.geeksforgeeks.org/electric-dipole/,false
https://en.wikipedia.org/wiki/Electric_dipole_moment,false
https://en.wikipedia.org/wiki/Potential_energy,false
https://material-properties.org/what-is-example-of-potential-energy-definition/,false
https://www.geeksforgeeks.org/potential-energy-of-a-system-of-charges/,false
https://www.texasgateway.org/resource/21-electric-potential-energy-potential-difference,false
https://en.wikipedia.org/wiki/Electric_potential_energy,false
https://thefactfactor.com/facts/pure_science/physics/electric-potential-difference/11762/,false
https://www.geeksforgeeks.org/electric-dipole/,false
https://www.britannica.com/science/magnetism/Repulsion-or-attraction-between-two-magnetic-dipoles,false
https://en.wikipedia.org/wiki/Dipole,false
https://phys.libretexts.org/Bookshelves/Electricity_and_Magnetism/Book%3A_Electricity_and_Magnetism_(Tatum)/03%3A_Dipole_and_Quadrupole_Moments/3.04%3A_Potential_Energy_of_a_Dipole_in_an_Electric_Field,false
https://selfstudypoint.in/alkenes/,false
https://chem.libretexts.org/Bookshelves/Organic_Chemistry/Supplemental_Modules_(Organic_Chemistry)/Alkenes/Synthesis_of_Alkenes/Alkenes_from_Dehydrohalogenation_of_Haloalkanes,false
https://thefactfactor.com/facts/pure_science/chemistry/organic-chemistry/preparation-of-alkyl-halides-from-alkenes/15556/,false
https://chem.libretexts.org/Courses/BridgeValley_Community_and_Technical_College/Fundamentals_of_Chemistry/11%3A_Organic_Chemistry/11.09%3A_Alkyl_Halides,false
https://www.cliffsnotes.com/study-guides/chemistry/organic-chemistry-ii/alkyl-halides/introduction-to-alkyl-halides,false
https://www.britannica.com/science/alkyl-halide,false
https://selfstudypoint.in/methods-of-preparation-of-haloalkanes-and-haloarenes/,false
https://chem.libretexts.org/Bookshelves/Organic_Chemistry/Supplemental_Modules_(Organic_Chemistry)/Reactions/Organic_Reactions/Replacement_of_the_Aromatic_Primary_Amino_Group_by_Hydrogen,false
https://socratic.org/questions/what-are-sn1-and-sn2-reactions,false
https://www.cliffsnotes.com/study-guides/chemistry/organic-chemistry-ii/alkyl-halides/nucleophilic-substitution-reactions-mechanisms,false
https://www.britannica.com/science/unimolecular-nucleophilic-substitution-reaction,false
https://en.wikipedia.org/wiki/Radical-nucleophilic_aromatic_substitution,false
http://chemguide.co.uk/mechanisms/nucsub/water.html,false
https://chem.libretexts.org/Courses/Kenyon_College/Chemistry_231_and_232_-_Kenyon_College_(Getzler_Hofferberth_and_Hunsen)/7%3A_Further_Reactions_of_Haloalkanes%3A_Unimolecular_Substitution_and_Pathways_of_Elimination/7.2%3A_Unimolecular_Nucleophilic_Substitution,false
https://chem.libretexts.org/Courses/Siena_Heights_University/Testing/07%3A_Chapter_7_Chirality/7.01%3A__Molecule_Chirality%3A_Enantiomers,false
https://www.britannica.com/science/isomerism/Enantiomers,false
https://www.khanacademy.org/science/organic-chemistry/stereochemistry-topic/chirality-r-s-system/v/stereoisomer-enantiomer-jay,false
https://wiki.kidzsearch.com/wiki/Chirality,false
https://van.physics.illinois.edu/qa/listing.php?id=42373&t=moving-inside-a-plane,false
https://www.school-for-champions.com/science/motion_vectors.htm,false
https://en.wikipedia.org/wiki/Metal-centered_cycloaddition_reactions,false
https://classroom.thenational.academy/lessons/displacement-reactions-of-metals-c5hk6r,false
https://www.bbc.co.uk/bitesize/guides/zx2bh39/revision/2,false
https://selfstudypoint.in/methods-of-preparation-of-haloalkanes-and-haloarenes/,false
https://www.thoughtco.com/definition-of-hydroxyl-group-608739,false
https://www.cliffsnotes.com/study-guides/chemistry/organic-chemistry-ii/phenols-and-aryl-halides/reactions-of-aryl-halides,false
https://selfstudypoint.in/chemical-reactions-of-halides/,false
https://en.wikipedia.org/wiki/Aryl_halide,false
https://www.cliffsnotes.com/study-guides/chemistry/organic-chemistry-ii/phenols-and-aryl-halides/reactions-of-aryl-halides,false
https://www.cliffsnotes.com/study-guides/chemistry/organic-chemistry-ii/reactions-of-aromatic-compounds/electrophilic-aromatic-substitution-reactions,false
https://www.sciencedaily.com/releases/2017/04/170417182928.htm,false
https://en.wikipedia.org/wiki/Chloroform,false
https://school.ebonline.in/levels/high/article/methane/52328#326687.toc,false
https://www.scienceabc.com/humans/movies/what-does-chloroform-do-used-for-smell-uses-effects-spray.html,false
https://www.worldofmolecules.com/solvents/chloroform-molecule.html,false
https://www.britannica.com/print/article/219567,false
https://schoolworkhelper.net/ozone-layer-chlorofluorocarbons-cfcs/,false
https://en.wikipedia.org/wiki/Chlorofluorocarbon,false
https://www.worldatlas.com/articles/what-are-chlorofluorocarbons.html,false
https://school.ebonline.in/levels/high/article/alcohol/5513#277674.toc,false
https://www.britannica.com/science/Freon,false
https://www.britannica.com/science/tertiary-alcohol,false
https://en.wikipedia.org/wiki/Allylic_strain,false
https://school.ebonline.in/levels/high/article/amine/7181#277700.toc,false
https://school.ebonline.in/levels/high/article/organohalogen-compound/437529#277960.toc,false
https://selfstudypoint.in/actinoids-properties-and-uses/,false
https://chem.libretexts.org/Bookshelves/Inorganic_Chemistry/Book%3A_Inorganic_Chemistry_(Saito)/01%3A_Elements_and_Periodicity/1.04%3A_Block_classification_of_the_periodic_table_and_elements,false
https://socratic.org/questions/why-d-block-elements-are-called-outer-transition-and-f-block-elements-are-called-1,false
https://www.brightstorm.com/science/chemistry/the-periodic-table/d-block-elements-f-block-elements/,false
https://www.britannica.com/science/actinoid-element,false
https://en.wikipedia.org/wiki/Redox,false
https://www.britannica.com/science/oxidation-reduction-reaction/Redox-potentials-for-common-half-reactions,false
https://intl.siyavula.com/read/science/grade-12/electrochemical-reactions/13-electrochemical-reactions-02,false
https://chem.libretexts.org/Bookshelves/General_Chemistry/Book%3A_ChemPRIME_(Moore_et_al.)/11%3A_Reactions_in_Aqueous_Solutions/11.21%3A_Redox_Couples,false
https://en.wikipedia.org/wiki/Standard_electrode_potential,false
https://thefactfactor.com/facts/pure_science/chemistry/physical-chemistry/reference-electrodes/5844/,false
https://intl.siyavula.com/read/science/grade-12/electrochemical-reactions/13-electrochemical-reactions-06,false
http://chemguide.co.uk/physical/redoxeqia/introduction.html,false
https://www.thoughtco.com/definition-of-electromotive-force-605070,false
https://chem.libretexts.org/Bookshelves/General_Chemistry/Book%3A_ChemPRIME_(Moore_et_al.)/17%3A_Electrochemical_Cells/17.10%3A_Electromotive_Force_of_Galvanic_Cells,false
https://iu.pressbooks.pub/openstaxcollegephysics/chapter/resistance-and-resistivity/,false
https://www.nuclear-power.com/nuclear-engineering/heat-transfer/thermal-conduction/thermal-resistance-thermal-resistivity/,false
https://courses.lumenlearning.com/physics/chapter/20-3-resistance-and-resistivity/,false
https://www.texasgateway.org/resource/33-resistance-and-resistivity,false
https://manoa.hawaii.edu/exploringourfluidearth/chemical/properties-water/conductivity,false
https://en.wikipedia.org/wiki/Ionic_conductivity,false
https://www.onlinemathlearning.com/conductivity-solutions.html,false
https://selfstudypoint.in/conductance-conductivity-molar-equivalent-conductivity/,false
https://socratic.org/questions/why-don-t-ionic-compounds-have-electrical-conductivity-as-a-solid-but-they-do-as,false
https://www.citethisforme.com/topic-ideas/chemistry/https%3Awwwphysicsforumscomthreadsmethods-used-to-measure-the-density-of-solid-materials-and-liquids610398-42645926,false
https://en.wikipedia.org/wiki/Molar_conductivity,false
http://calistry.org/calculate/kohlrauschLawCalculator,false
https://www.encyclopedia.com/science/dictionaries-thesauruses-pictures-and-press-releases/kohlrausch-friedrich-wilhelm-georg,false
https://school.ebonline.in/levels/high/article/electrolysis/32306,false
https://www.bbc.co.uk/bitesize/guides/zvr4hbk/revision/2,false
https://studentenergy.org/production/electrolysis/,false
http://chemguide.co.uk/14to16/electrolysis/intro.html,false
https://www.britannica.com/science/coordination-compound/History-of-coordination-compounds,false
https://selfstudypoint.in/werners-theory-of-coordination-compounds/,false
https://chemstuff.co.uk/2010/11/15/alfred-werner/,false
https://www.britannica.com/science/coordination-compound,false
https://thefactfactor.com/facts/pure_science/chemistry/inorganic-chemistry/coordination-compounds/15436/,false
https://school.ebonline.in/levels/high/article/coordination-compound/26165,false
https://www.encyclopedia.com/science/news-wires-white-papers-and-books/coordination-compounds,false
https://thefactfactor.com/facts/pure_science/chemistry/inorganic-chemistry/coordination-compounds/15436/,false
https://www.britannica.com/science/coordination-compound/Characteristics-of-coordination-compounds,false
https://chem.libretexts.org/Courses/Sacramento_City_College/SCC%3A_Chem_400_-_General_Chemistry_I/Text/25%3A_Transition_Metals_and_Coordination_Compounds/25.3%3A_Coordination_Compounds,false
https://selfstudypoint.in/nomenclature-of-coordination-compounds/,false
https://thefactfactor.com/facts/pure_science/chemistry/inorganic-chemistry/coordination-compounds/15436/,false
https://selfstudypoint.in/valence-shell-electron-pair-repulsion-theory-valence-bond-theory/,false
https://www.thoughtco.com/definition-of-valence-bond-theory-605771,false
https://chem.libretexts.org/Bookshelves/Physical_and_Theoretical_Chemistry_Textbook_Maps/Supplemental_Modules_(Physical_and_Theoretical_Chemistry)/Chemical_Bonding/Valence_Bond_Theory,false
https://school.ebonline.in/levels/high/article/coordination-compound/26165#277800.toc,false
https://selfstudypoint.in/werners-theory-of-coordination-compounds/,false
https://en.wikipedia.org/wiki/Crystal_field_theory,false
https://chem.libretexts.org/Courses/Westminster_College/CHE_180_-_Inorganic_Chemistry/09%3A_Chapter_9_-_Introduction_to_Transition_Metal_Complexes/9.3%3A_Crystal_Field_Theory/Crystal_Field_Theory,false
https://school.ebonline.in/levels/high/article/coordination-compound/26165#277802.toc,false
https://www.encyclopedia.com/science/news-wires-white-papers-and-books/coordination-compounds,false
https://www.chess.com/lessons/weak-color-complexes-explained,false
https://chem.libretexts.org/Bookshelves/Inorganic_Chemistry/Modules_and_Websites_(Inorganic_Chemistry)/Crystal_Field_Theory/Colors_of_Coordination_Complexes,false
https://chem.libretexts.org/Courses/Westminster_College/CHE_180_-_Inorganic_Chemistry/09%3A_Chapter_9_-_Introduction_to_Transition_Metal_Complexes/9.3%3A_Crystal_Field_Theory/Colors_of_Coordination_Complexes,false
https://school.ebonline.in/levels/high/article/organometallic-compound/57358#277981.toc,false
https://en.wikipedia.org/wiki/Metal_carbonyl_cluster,false
https://www.britannica.com/science/metal-carbonyl,false
https://selfstudypoint.in/metal-carbonyls/,false
https://www.britannica.com/science/organometallic-compound/Metal-carbonyl-anions,false
https://www.encyclopedia.com/science/encyclopedias-almanacs-transcripts-and-maps/coordination-compound,false
https://school.ebonline.in/levels/high/article/coordination-compound/26165#277780.toc,false
https://selfstudypoint.in/importance-and-application-of-coordination-compounds/,false
https://www.britannica.com/science/coordination-compound,false
https://thefactfactor.com/facts/pure_science/chemistry/physical-chemistry/sp3-hybridization/11008/,false
https://en.wikipedia.org/wiki/Triple_bond,false
https://thefactfactor.com/facts/pure_science/chemistry/organic-chemistry/halogen-derivatives-of-alkanes/11982/,false
https://socratic.org/questions/what-is-a-sp2-and-sp3-hybridized-bond,false
https://www.geeksforgeeks.org/python-program-for-multiplication-and-division-of-complex-number/,false
https://en.wikipedia.org/wiki/Complex_multiplication,false
https://www.math-only-math.com/multiplication-of-two-complex-numbers.html,false
https://www.mathsisfun.com/algebra/complex-number-multiply.html,false
https://www.texasgateway.org/resource/23-electrical-potential-due-point-charge,false
https://socratic.org/questions/is-it-possible-to-perform-basic-operations-on-complex-numbers-in-polar-form,false
https://www.geeksforgeeks.org/polar-representation-of-complex-numbers/,false
https://www.physicsclassroom.com/Class/estatics/u8l2b.cfm,false
https://www.geeksforgeeks.org/charging-by-induction/,false
https://schoolworkhelper.net/induction-induced-permanent-charging/,false
https://www.aplustopper.com/plus-two-physics-notes-chapter-1/,false
https://www.indiastudychannel.com/experts/45519-Electric-field-due-to-a-linear-charge,false
https://www.geeksforgeeks.org/electric-field-due-to-a-point-charge/,false
https://phys.libretexts.org/Bookshelves/University_Physics/Book%3A_Calculus-Based_Physics_(Schnick)/Volume_B%3A_Electricity_Magnetism_and_Optics/B03%3A_The_Electric_Field_Due_to_one_or_more_Point_Charges,false
https://www.tutorialspoint.com/electric_charges_and_fields/index.asp,false
https://scied.ucar.edu/learning-zone/how-climate-works/carbon-dioxide,false
https://energyeducation.ca/encyclopedia/Carbon_dioxide,false
https://chem.libretexts.org/Courses/University_of_North_Texas/UNT%3A_CHEM_1410_-_General_Chemistry_for_Science_Majors_I/Text/08%3A_Properties_of_Organic_Compounds/8.22%3A_Silicon_Dioxide,false
https://socratic.org/questions/does-silicon-dioxide-have-a-high-melting-point-why-or-why-not,false
https://www.kidzsearch.com/kidztube/silicon-the-internets-favorite-element-crash-course-chemistry-35_4d2fd25d7.html,false
https://chem.libretexts.org/Bookshelves/General_Chemistry/Book%3A_ChemPRIME_(Moore_et_al.)/08%3A_Properties_of_Organic_Compounds/8.22%3A_Silicon_Dioxide,false
https://school.ebonline.in/levels/high/article/alkali-metal/110605#80859.toc,false
https://www.aplustopper.com/alloy-metal/,false
https://material-properties.org/what-are-characteristics-of-metal-alloys-definition/,false
https://www.britannica.com/technology/silver-processing/The-metal-and-its-alloys,false
https://selfstudypoint.in/alloy-formation-in-d-block-elements/,false
https://www.britannica.com/science/silicone,false
https://en.wikipedia.org/wiki/Silicone_grease,false
https://school.ebonline.in/levels/high/article/silicone/67767,false
https://www.essentialchemicalindustry.org/polymers/silicones.html,false
https://www.bbc.co.uk/bitesize/guides/zqwmxnb/revision/4,false
https://secondaryscience4all.wordpress.com/a2-chemistry/a2-inorganic/2-5-transition-metals/,false
https://school.ebonline.in/levels/high/article/oxide/57833#278019.toc,false
https://www.onlinemathlearning.com/transition-metals.html,false
https://phys.org/news/2014-12-physicists-advance-transition-metal-oxides.html,false
https://en.wikipedia.org/wiki/Silicate,false
https://www.britannica.com/science/silicate,false
https://chem.libretexts.org/Bookshelves/Inorganic_Chemistry/Supplemental_Modules_and_Websites_(Inorganic_Chemistry)/Descriptive_Chemistry/Main_Group_Reactions/Compounds/Aluminosilicates/Silicates,false
https://chem.libretexts.org/Bookshelves/Inorganic_Chemistry/Supplemental_Modules_and_Websites_(Inorganic_Chemistry)/Descriptive_Chemistry/Elements_Organized_by_Block/4_f-Block_Elements/The_Lanthanides/aLanthanides%3A_Properties_and_Reactions,false
https://www.encyclopedia.com/science-and-technology/chemistry/compounds-and-elements/lanthanide-series,false
https://www.thoughtco.com/definition-of-lanthanides-604554,false
https://www.thoughtco.com/lanthanides-properties-606651,false
https://chem.libretexts.org/Bookshelves/Inorganic_Chemistry/Supplemental_Modules_and_Websites_(Inorganic_Chemistry)/Descriptive_Chemistry/Elements_Organized_by_Block/4_f-Block_Elements/The_Lanthanides/aLanthanides%3A_Properties_and_Reactions/Lanthanide_Contraction,false
https://phys.org/news/2006-10-zeolite.html,false
https://en.wikipedia.org/wiki/Hypothetical_zeolite,false
https://www.britannica.com/science/zeolite,false
https://school.ebonline.in/levels/high/article/zeolite/78326,false
https://www.sparknotes.com/math/precalc/complexnumbers/section4/,false
https://school.ebonline.in/levels/high/article/boron/80773#8339.toc,false
https://periodic.lanl.gov/5.shtml,false
https://www.worldofmolecules.com/elements/boron.htm,false
https://www.britannica.com/science/boron-chemical-element,false
https://energyeducation.ca/encyclopedia/Boron,false
https://socratic.org/questions/what-is-ionic-size-used-for,false
https://selfstudypoint.in/actinoids-properties-and-uses/,false
https://school.ebonline.in/levels/high/article/actinoid-element/110616#313949.toc,false
https://www.britannica.com/science/lanthanoid-contraction,false
https://www.britannica.com/science/actinoid-element/Chemical-properties-of-the-actinoids,false
https://www.bbc.co.uk/bitesize/guides/zyn8b82/revision/2,false
https://en.wikipedia.org/wiki/Aluminium,false
https://school.ebonline.in/levels/high/article/aluminum/5954#255.toc,false
https://science4fun.info/aluminum/,false
https://en.wikipedia.org/wiki/Compounds_of_aluminium,false
https://www.britannica.com/science/actinoid-element,false
https://school.ebonline.in/levels/high/article/actinoid-element/110616#313949.toc,false
https://selfstudypoint.in/actinoids-properties-and-uses/,false
https://sciencenotes.org/actinides-on-the-periodic-table-actinide-series-or-actinoids/,false
https://www.britannica.com/science/actinoid-element/Chemical-properties-of-the-actinoids,false
https://school.ebonline.in/levels/high/article/actinoid-element/110616#81176.toc,false
https://www.britannica.com/science/actinoid-element/Chemical-properties-of-the-actinoids,false
https://chem.libretexts.org/Bookshelves/Inorganic_Chemistry/Book%3A_Inorganic_Chemistry_(Saito)/07%3A_Lanthanoids_and_Actinoids/7.02%3A_Actinoids,false
https://school.ebonline.in/levels/high/article/polymer/60700#348153.toc,false
https://school.ebonline.in/levels/high/article/melamine-formaldehyde-resin/98025,false
https://school.ebonline.in/levels/high/article/adsorption/3800,false
https://school.ebonline.in/levels/high/article/pseudo-event/606107,false
https://school.ebonline.in/levels/high/article/activation-energy/3615,false
https://school.ebonline.in/levels/high/article/colloid/24793,false
